{
  "nodes": [
    {
      "name":"paddle",
      "type":"TankSteerBoat",
      "enabled":false,
      "discovery":true,
      "interval":100,
      "node":2,
      "module":50,
      "location":[-1.744395173553, 51.542274496181, 0],
      "heading":[30],
      "left": "2>8.8",
      "right": "2>8.9",
      "wind": [30]
    },
    {
      "name":"dreamer",
      "type":"SailBoat",
      "enabled":true,
      "discovery":true,
      "interval":500,
      "node":2,
      "module":50,
      "location":[-6.257506, 49.989797, 0],
      "heading":[30],
      "sheet": "2>12.17",
      "rudder": "2>12.24",
      "wind": [230],
      "polar":[20,40,120,200, 255,255,255,250, 240,230,220,210, 200,180,160,140]
    },
    {
      "name":"virtual1",
      "type":"AISBoat",
      "mmsi":235000010,
      "enabled":false,
      "discovery":false,
      "interval":500,
      "targetSpeed": 9,
      "location":[-1.746841, 51.539198, 0],
      "heading":[10],
      "waypoints": [
        [-1.744195, 51.542475, 10],
        [-1.746695, 51.539134, 10]
      ]
    },
    {
      "name":"virtual2",
      "type":"AISBoat",
      "mmsi":235000020,
      "enabled":false,
      "discovery":false,
      "interval":500,
      "targetSpeed": 7,
      "location":[-1.744280, 51.541280, 0],
      "heading":[180],
      "waypoints": [
        [-1.745756, 51.539177, 10],
        [-1.745285, 51.543356, 10]
      ]
    }
  ]
}
