{
  "nodes": [
    {
      "name":"paddle",
      "type":"TankSteerBoat",
      "enabled":false,
      "discovery":true,
      "interval":100,
      "node":2,
      "module":50,
      "location":[-1.744395173553, 51.542274496181, 0],
      "heading":[30],
      "left": "2>8.8",
      "right": "2>8.9",
      "wind": [30]
    },
    {
      "name":"dreamer",
      "type":"SailBoat",
      "enabled":true,
      "discovery":true,
      "interval":500,
      "node":2,
      "module":50,
      "location":[-6.172236, 49.945757, 0],
      "heading":[30],
      "sheet": "2>12.17",
      "rudder": "2>12.24",
      "wind": [230],
      "polar":[20,40,120,200, 255,255,255,250, 240,230,220,210, 200,180,160,140]
    },
    {
      "name":"virtual1",
      "type":"AISBoat",
      "mmsi":235000010,
      "enabled":true,
      "discovery":false,
      "interval":500,
      "targetSpeed": 9,
      "location":[-6.196539, 49.962859, 0],
      "heading":[10],
      "waypoints": [
        [-6.009137, 49.948244, 10],
        [-6.155367, 50.136069, 10]
      ]
    },
    {
      "name":"virtual2",
      "type":"AISBoat",
      "mmsi":235000020,
      "enabled":true,
      "discovery":false,
      "interval":500,
      "targetSpeed": 7,
      "location":[-6.202218, 49.964685, 0],
      "heading":[180],
      "waypoints": [
        [-6.009137, 49.948244, 10],
        [-6.155367, 50.136069, 10]
      ]
    }
  ]
}
